Feature_1,Feature_2,Feature_3,Feature_4,Feature_5,Feature_6,Feature_7,Feature_8,Feature_9,Label
410,598,408,406,404,486,408,404,409,407
410,599,407,406,404,487,408,404,409,407
410,599,407,406,403,487,408,404,409,407
410,599,406,406,403,488,408,404,409,407
410,599,405,406,403,488,408,404,409,407
410,599,405,406,403,489,408,404,409,407
410,599,405,406,403,489,408,404,409,407
410,599,404,406,404,490,408,404,409,407
410,597,404,406,404,491,408,404,409,407
410,595,404,406,404,492,408,404,409,407
411,595,404,406,404,493,408,404,409,407
411,593,404,406,404,493,408,404,409,407
411,592,404,406,403,491,408,404,409,407
411,592,404,406,403,490,408,404,409,407
412,591,404,406,403,489,408,404,409,407
413,590,404,406,404,489,408,404,409,407
413,590,404,406,404,489,408,404,409,407
412,590,404,406,404,489,407,404,409,407
411,590,404,406,404,489,408,404,409,407
410,590,404,406,404,489,408,404,409,407
410,590,404,406,404,489,408,404,409,407
410,589,404,406,404,488,408,404,409,407
410,589,404,406,403,486,407,404,409,407
410,589,404,406,403,485,407,404,409,407
410,589,404,406,403,483,407,404,409,407
410,589,405,406,403,483,407,404,409,407
412,589,405,406,403,482,407,404,409,407
413,589,405,406,403,482,407,404,409,407
416,589,405,406,403,482,407,404,409,407
418,589,405,406,403,480,407,404,409,407
419,589,405,406,403,478,407,404,409,407
421,589,404,406,403,476,407,404,409,407
421,588,405,407,403,475,407,404,409,408
422,588,404,407,403,474,408,404,409,408
425,586,404,407,403,472,408,404,409,408
425,585,404,407,403,472,408,404,409,408
427,585,405,407,403,472,408,404,409,408
427,585,405,406,403,472,408,404,409,408
428,585,405,406,403,472,408,404,409,408
429,585,404,406,403,472,408,404,409,408
429,585,404,406,403,472,408,404,409,408
429,585,404,406,403,472,408,404,409,408
429,585,404,406,403,472,408,404,409,408
430,585,404,406,403,472,408,404,409,408
430,583,404,406,403,471,408,404,409,408
428,582,404,406,403,471,408,404,409,408
426,582,404,406,402,471,408,404,409,408
425,582,404,406,402,471,408,404,409,408
422,582,405,406,402,471,408,404,409,408
420,582,405,406,402,471,408,404,409,408
420,582,405,406,402,472,408,404,408,408
420,581,405,406,402,473,408,404,408,408
421,581,405,406,402,474,408,403,408,408
421,581,406,406,403,476,408,403,408,408
421,579,406,406,403,476,408,403,408,408
421,579,406,406,403,475,408,403,408,408
421,577,406,406,403,476,408,403,408,408
421,578,406,406,403,477,407,403,408,408
421,579,406,406,403,479,407,403,408,408
421,579,406,406,403,480,407,403,408,408
421,580,406,406,403,482,407,403,408,408
421,581,406,406,403,483,407,403,409,408
421,581,406,406,403,486,407,403,409,408
421,581,406,406,403,486,407,403,409,408
424,581,406,406,403,488,407,403,409,408
425,581,406,406,403,489,407,403,409,408
426,581,406,406,404,489,407,403,409,408
430,581,406,406,404,491,408,403,409,408
430,581,406,406,404,492,408,403,409,408
430,581,407,406,404,492,408,403,409,408
431,582,407,406,404,492,408,403,409,408
432,583,407,406,404,492,408,403,409,408
432,583,407,406,404,492,408,403,409,408
433,585,407,406,405,492,408,403,409,408
434,585,407,406,405,495,408,403,409,408
434,586,407,406,405,496,408,403,409,408
435,586,407,406,405,497,408,404,409,408
436,586,407,406,405,500,408,404,409,408
436,588,407,406,405,502,408,404,409,408
436,589,407,406,406,503,407,404,409,408
436,592,407,406,406,504,407,404,409,408
436,592,407,406,406,508,407,404,409,408
436,595,407,406,406,509,407,404,409,408
436,596,407,406,406,509,407,404,409,409
436,596,407,406,406,511,407,404,409,409
436,596,407,407,406,514,407,404,409,409
436,596,407,407,406,517,407,404,409,409
435,596,407,407,406,519,407,403,409,409
435,596,407,407,406,520,407,403,409,409
435,596,407,407,406,521,407,403,409,409
435,596,407,407,406,521,407,403,409,409
435,596,407,407,406,521,407,403,409,409
435,596,407,407,407,521,407,403,409,409
434,596,407,406,407,522,408,403,409,409
433,598,407,406,407,522,408,403,409,409
430,599,407,406,407,523,408,403,409,409
429,600,407,406,407,523,408,403,409,409
426,603,407,406,407,523,408,403,409,409
425,604,407,406,407,523,408,403,409,409
422,607,407,406,407,523,408,403,409,409
421,609,407,406,407,523,408,403,409,409
421,610,407,406,407,525,408,403,409,409
423,610,407,406,407,525,408,403,409,409
424,610,407,406,407,527,408,403,409,409
426,610,407,406,407,527,408,403,409,409
426,610,407,406,407,527,407,404,409,409
428,609,407,406,407,527,407,404,409,409
431,609,407,406,407,525,407,404,409,409
431,608,407,406,407,523,407,404,409,409
434,607,407,406,407,522,407,404,409,409
434,606,407,406,407,520,407,404,409,409
434,605,407,406,407,520,407,404,409,409
434,605,407,406,407,520,407,404,409,409
435,606,407,406,406,520,407,404,409,409
436,606,407,406,406,520,407,404,409,409
436,607,407,406,406,520,407,404,409,409
436,606,407,406,406,520,407,404,409,409
436,605,407,406,406,520,407,404,409,409
436,602,407,406,406,520,407,404,409,409
436,601,407,406,406,520,407,404,409,409
436,600,407,406,406,517,407,404,409,409
436,603,407,406,406,516,407,404,409,409
436,604,407,406,406,514,407,404,409,409
433,608,407,406,406,515,407,404,409,409
431,608,407,406,406,517,407,404,409,409
427,612,407,406,406,519,407,404,409,409
426,612,407,406,406,519,407,404,409,409
424,614,407,406,406,519,407,404,409,409
421,617,407,406,406,518,407,404,409,409
419,618,407,406,405,516,407,404,409,409
416,618,407,406,405,515,407,404,409,409
415,618,407,406,405,514,407,404,409,409
414,618,407,406,405,511,407,404,409,409
414,612,407,406,405,510,407,404,409,409
412,611,407,406,405,509,407,404,409,409
411,608,407,406,405,509,407,404,409,409
410,606,407,406,405,508,407,404,409,409
410,601,407,406,405,509,407,405,409,409
410,601,407,406,405,508,407,405,408,409
410,600,407,406,405,506,407,405,408,409
410,599,407,406,405,506,407,405,408,409
410,599,407,406,405,505,407,404,408,409
410,597,407,406,405,503,407,404,408,409
410,596,407,406,405,503,407,404,408,409
410,596,407,406,405,501,407,404,408,409
410,595,407,406,405,501,407,404,408,409
410,594,407,406,405,501,407,404,408,409
410,591,407,406,405,501,407,404,408,409
410,588,407,406,405,500,407,404,408,409
410,585,407,406,405,500,407,404,408,409
410,583,407,406,405,500,407,404,408,409
410,582,407,406,405,500,407,404,408,409
410,582,407,406,405,500,407,404,408,409
410,583,407,406,404,501,407,404,408,409
410,584,407,406,404,502,407,404,408,409
410,584,407,406,404,501,407,404,408,409
410,583,407,406,404,500,407,404,408,409
410,581,407,406,404,500,407,404,408,409
410,581,407,406,404,500,407,404,408,409
410,581,407,406,404,501,407,404,408,409
410,582,407,406,404,501,407,404,408,409
410,584,407,406,404,501,407,404,408,409
410,583,407,406,404,501,407,404,408,409
410,582,407,406,404,500,407,404,408,409
410,579,407,406,404,499,407,404,408,409
410,578,407,406,403,500,407,404,408,409
410,577,407,406,403,501,407,404,408,408
410,577,407,406,404,503,407,404,409,408
410,577,407,406,404,504,407,404,409,408
410,579,407,406,404,504,406,404,409,408
410,580,407,406,404,503,406,404,409,408
410,583,407,406,404,503,406,404,409,408
410,584,407,406,404,502,406,404,409,408
410,587,407,406,404,502,406,404,409,408
410,588,407,406,404,502,406,404,409,408
410,588,407,406,404,502,406,404,409,408
410,587,407,406,404,504,406,404,409,408
410,587,407,406,404,505,406,404,408,408
410,588,407,406,404,506,406,404,408,408
410,589,407,406,404,508,407,404,408,408
410,590,407,406,404,508,407,404,408,408
410,592,407,406,404,508,407,404,408,408
410,594,407,406,404,507,407,404,409,408
410,597,407,406,404,507,407,404,409,408
410,599,407,406,404,507,407,404,409,408
410,603,407,406,404,507,407,404,409,408
410,603,407,406,404,507,407,404,409,408
410,602,407,406,404,507,407,404,409,408
410,601,407,406,404,507,407,404,409,408
410,600,407,406,404,508,407,404,409,408
410,599,407,406,404,508,407,404,409,408
410,599,407,406,404,509,407,404,409,408
410,599,407,406,404,510,407,404,409,408
410,598,407,406,404,510,407,404,409,408
410,596,407,406,404,509,407,404,409,408
410,594,407,406,404,509,407,404,409,408
410,594,407,406,404,508,407,404,409,408
410,594,407,406,404,508,407,404,409,409
410,594,407,406,404,508,407,404,409,409
410,594,407,406,404,508,407,404,409,409
410,594,407,406,404,508,407,404,409,409
410,594,407,406,404,508,407,404,409,409
410,595,407,406,404,508,408,404,409,409
410,596,406,406,404,508,408,404,409,409
410,596,406,406,404,507,408,404,409,409
410,596,406,406,404,506,408,404,409,408
410,596,406,406,404,504,408,404,409,408
410,597,407,406,404,504,408,404,409,408
410,596,407,406,404,504,408,404,409,408
410,596,407,406,404,505,408,404,409,408
409,597,407,406,404,505,408,404,409,408
409,598,407,406,404,505,408,404,409,409
409,598,407,406,404,506,408,404,409,409
409,598,407,406,404,508,408,404,409,409
409,599,407,406,404,509,408,404,409,409
409,599,407,406,404,509,408,404,409,409
409,602,407,406,404,509,408,404,409,409
409,603,407,406,404,509,408,404,409,408
409,604,407,406,404,509,408,404,409,408
409,606,407,406,404,508,408,404,409,408
410,607,407,406,404,506,408,404,409,408
410,610,407,406,404,506,408,404,409,408
410,610,407,406,404,507,408,404,409,408
410,610,407,406,404,507,408,405,409,408
410,612,408,406,404,508,408,405,410,408
410,612,408,406,404,509,408,405,410,408
410,614,408,406,404,509,408,405,410,408
410,614,408,406,404,510,408,405,410,408
411,614,408,406,404,510,408,405,410,408
415,614,408,406,404,510,408,405,410,408
416,614,408,406,404,511,408,405,410,408
418,616,408,406,404,512,408,405,410,408
419,617,408,406,404,513,408,405,410,408
420,621,408,406,404,513,409,405,410,408
421,622,408,407,404,513,409,405,412,409
421,625,408,407,405,512,409,405,416,409
421,627,408,407,405,512,409,405,417,409
421,628,408,407,405,512,409,406,420,409
423,632,409,407,405,513,409,406,420,409
428,637,409,407,405,516,409,406,421,409
431,646,409,407,405,517,409,406,426,409
437,646,409,407,405,519,409,406,429,409
441,646,409,407,405,522,409,406,435,409
448,654,410,407,405,522,409,406,438,409
451,663,410,408,405,524,410,406,444,409
454,685,413,408,405,527,410,406,447,409
459,698,418,408,406,536,410,406,450,409
462,705,425,409,406,542,410,407,455,409
470,718,440,409,406,550,410,407,456,409
475,731,449,409,406,568,410,407,458,409
488,755,477,410,406,574,410,407,460,409
495,766,490,428,406,585,410,407,466,409
504,789,504,438,407,588,410,407,477,409
517,800,531,458,407,592,410,407,482,410
522,811,539,464,407,595,410,407,492,410
531,834,556,470,407,598,412,407,498,410
536,843,564,479,407,604,414,407,503,410
550,851,573,483,407,607,416,407,506,410
558,855,577,488,407,613,418,407,509,410
565,862,579,491,408,616,418,408,516,410
579,865,585,498,408,618,420,408,520,410
583,867,591,500,408,622,420,408,523,413
589,872,609,503,408,623,422,408,525,421
591,874,614,509,408,627,424,408,527,427
594,874,621,511,409,629,426,408,528,431
596,874,625,516,409,634,427,408,528,439
600,874,629,519,409,637,428,408,528,441
608,874,635,524,409,639,431,408,528,448
611,876,637,526,409,644,432,408,533,451
620,880,639,531,409,646,436,409,536,453
624,882,641,539,410,650,439,409,539,459
631,886,646,542,410,653,444,409,545,462
636,888,653,546,410,655,445,409,548,470
640,890,657,548,410,659,445,409,553,473
647,895,665,553,410,661,449,409,555,480
651,898,669,555,410,667,449,409,557,484
658,903,676,557,410,669,453,409,563,488
662,906,679,560,410,675,454,409,566,496
665,908,682,562,410,679,457,409,571,500
670,913,689,567,410,682,457,409,571,506
673,916,693,569,410,688,459,409,571,509
678,921,700,571,410,691,461,409,571,518
680,923,703,576,411,696,463,409,571,521
685,926,710,578,417,699,466,409,571,524
687,928,714,582,422,705,467,409,571,530
690,930,717,584,425,706,468,409,571,532
695,933,722,587,432,708,469,410,571,539
697,935,722,588,436,710,472,410,571,542
702,938,726,590,442,711,474,410,572,548
705,940,727,596,444,711,475,410,572,552
710,941,728,599,450,711,478,410,573,558
712,944,731,608,453,713,480,410,573,563
714,945,734,610,456,716,481,410,572,565
718,948,736,614,460,718,483,410,570,569
721,950,737,616,464,720,482,410,569,571
725,950,740,618,465,720,483,410,567,575
727,950,741,623,466,720,484,410,567,576
730,950,742,624,465,720,485,410,570,578
733,951,742,628,464,720,485,410,573,580
734,952,745,630,464,720,485,412,573,580
739,954,746,634,465,720,486,413,573,581
741,956,747,636,467,720,488,415,573,582
746,957,748,638,469,720,491,413,573,583
747,957,749,641,468,720,493,410,573,586
748,957,749,643,467,720,494,410,574,586
748,957,750,646,465,720,497,410,574,587
748,958,750,648,464,720,498,410,573,587
750,959,752,649,461,719,500,410,570,589
751,960,753,650,458,717,502,410,569,590
754,962,754,651,456,717,505,410,569,590
756,964,754,654,456,715,506,410,569,592
757,965,754,654,456,713,508,410,569,591
757,968,754,657,458,711,509,410,569,590
757,968,754,657,458,706,509,410,571,590
758,971,754,660,457,703,510,410,575,591
760,972,754,660,457,699,510,410,576,592
762,973,754,661,456,696,510,410,576,593
764,976,754,662,453,694,510,410,573,596
766,977,754,664,451,691,510,410,572,595
767,980,754,666,447,689,510,410,567,598
767,980,755,667,447,683,510,410,565,599
767,979,756,667,446,682,510,410,564,601
768,976,759,667,445,680,509,410,563,602
769,974,759,667,438,676,509,412,563,603
770,972,759,666,433,674,510,413,560,605
771,972,759,666,431,671,510,416,558,606
772,970,759,666,429,672,514,417,555,607
773,969,759,666,426,674,515,416,554,608
775,968,759,667,422,677,517,416,553,609
777,968,759,667,420,677,519,416,552,609
780,968,757,667,419,676,519,415,551,609
782,968,754,668,419,675,518,415,550,608
785,968,752,668,420,673,517,415,550,607
787,968,751,667,420,671,515,416,551,605
790,968,751,665,420,671,513,416,552,605
791,968,751,662,420,670,510,418,553,605
791,968,754,658,420,670,509,419,555,605
791,969,754,656,422,665,508,419,557,605
791,972,754,654,422,663,505,418,558,607
791,972,754,654,422,658,505,418,559,607
792,974,754,654,425,656,505,419,559,609
793,976,754,653,426,655,505,420,558,611
795,977,753,648,426,653,504,423,557,612
795,980,751,639,426,653,504,425,554,615
795,980,751,630,426,651,503,427,553,616
795,980,751,615,426,650,502,428,553,618
795,981,751,610,424,649,502,430,553,619
795,982,751,601,419,648,502,433,553,620
795,982,750,598,417,648,502,433,553,621
797,981,749,594,416,648,503,433,554,621
797,979,747,587,416,648,506,433,556,620
798,980,747,584,416,646,506,432,557,620
798,981,745,579,416,643,506,432,558,619
798,983,742,578,415,642,504,432,560,621
797,985,740,574,410,639,504,433,560,621
796,983,737,573,410,638,504,433,561,621
795,982,735,573,410,635,504,433,561,620
795,981,733,570,410,633,503,433,563,615
795,980,731,569,410,632,502,431,565,612
795,980,730,562,410,629,500,429,566,608
795,981,726,558,410,627,498,427,567,606
795,982,725,550,410,627,497,425,567,603
794,983,720,547,410,628,495,424,568,601
794,984,718,545,410,630,494,424,570,601
793,984,714,542,410,631,492,424,571,600
793,987,712,539,410,629,492,424,572,601
793,989,710,537,409,627,492,419,572,602
792,992,708,535,410,625,491,415,572,601
792,993,707,534,410,627,491,413,572,600
792,994,702,531,410,628,491,413,573,597
793,994,701,529,409,628,492,415,574,594
794,994,698,524,409,628,492,419,576,591
794,996,695,523,409,628,492,420,578,590
795,997,693,521,409,628,492,424,577,586
796,1000,689,521,409,628,491,425,577,585
796,1001,687,521,409,628,490,427,577,584
796,1002,686,520,409,628,488,428,577,580
795,1002,686,520,409,628,487,429,578,581
794,1001,686,520,409,630,485,430,579,581
792,999,684,520,409,632,485,430,581,582
791,998,682,521,409,635,482,430,584,583
792,996,678,521,409,636,481,430,585,585
794,995,676,521,409,639,480,430,586,585
796,993,675,521,409,639,477,430,586,585
797,991,672,521,409,640,477,429,587,585
797,989,670,521,409,640,475,430,587,585
797,989,669,521,409,639,474,430,587,585
797,989,669,521,410,639,473,431,587,587
797,989,669,520,409,639,476,431,587,587
797,988,669,519,409,639,477,431,588,585
798,986,667,518,409,639,480,431,588,583
798,986,663,517,409,639,481,431,588,583
799,986,661,516,410,640,485,431,588,583
798,989,658,516,410,641,485,431,589,583
797,990,656,517,410,642,486,431,589,583
796,991,653,519,410,643,485,430,590,583
797,992,650,520,410,644,483,430,592,583
797,993,648,522,410,644,480,428,594,587
799,996,644,524,410,644,478,429,597,589
797,997,642,525,410,644,474,431,597,590
796,998,640,526,410,643,473,432,599,590
793,998,639,528,410,641,471,434,601,591
793,997,638,529,410,639,469,437,602,593
791,995,640,529,410,637,469,437,603,595
789,995,641,531,410,635,469,437,603,596
788,995,641,532,410,634,469,437,601,596
791,995,641,534,410,631,470,434,600,593
791,995,641,534,410,630,470,433,599,592
795,994,641,534,410,630,471,433,598,590
797,994,641,534,410,631,471,432,598,589
798,992,644,534,410,631,470,431,598,589
798,992,645,534,410,631,468,431,598,589
799,991,648,534,410,630,467,431,599,589
802,990,649,537,410,629,465,431,601,589
804,990,652,538,410,628,464,431,602,589
806,989,652,540,410,628,463,431,601,589
807,989,652,540,410,627,462,429,601,587
807,988,652,540,410,625,462,428,600,587
807,988,652,540,410,623,462,427,599,587
807,988,652,539,410,622,462,427,599,589
803,988,652,539,410,621,462,428,599,592
802,988,653,539,410,618,462,427,599,594
798,987,655,538,410,618,462,425,598,596
797,985,655,538,410,620,464,420,599,598
798,982,655,538,410,620,465,418,599,598
799,981,655,537,410,621,466,418,600,598
801,981,655,536,410,621,467,421,600,600
800,980,655,534,410,621,467,423,601,601
800,980,654,534,410,623,469,427,601,602
797,976,653,534,410,624,470,429,603,602
797,976,652,537,410,626,473,434,603,602
795,974,652,537,410,626,473,436,603,602
792,970,653,541,410,625,476,437,601,602
792,969,655,542,410,624,477,440,601,601
791,966,658,544,410,623,479,442,601,601
791,965,660,546,410,622,482,444,601,599
792,962,659,547,410,622,483,446,601,599
792,961,657,550,410,624,485,448,600,601
792,959,654,550,410,623,485,450,599,602
792,958,656,550,410,622,485,451,597,604
792,957,657,550,410,620,484,451,597,605
792,956,661,550,410,619,482,451,597,606
792,955,661,550,410,617,479,451,597,608
792,954,661,551,410,615,477,452,598,610
793,952,661,552,410,615,475,452,599,611
793,951,661,551,410,614,474,453,599,612
793,948,658,549,410,614,473,454,601,612
793,947,656,547,410,614,473,456,601,610
793,947,651,544,410,614,472,457,602,610
793,946,649,543,411,614,473,459,603,608
793,945,647,542,412,614,473,461,603,607
791,942,647,540,416,614,476,463,605,606
789,940,647,539,417,614,477,466,606,605
786,938,646,537,419,613,478,466,606,603
785,936,646,535,419,612,481,466,607,602
781,936,646,534,419,612,482,465,608,602
780,933,645,532,417,613,486,464,608,601
777,933,641,531,417,614,488,464,607,601
776,933,640,531,417,615,490,464,607,600
777,933,637,531,417,617,491,463,607,600
777,934,637,531,416,618,491,461,607,599
777,934,639,531,413,620,491,459,609,600
779,934,642,531,411,620,490,457,610,599
779,934,644,531,410,621,489,456,613,598
779,934,645,530,410,621,488,458,613,598
780,934,645,530,410,622,489,459,612,597
779,933,645,529,410,622,493,461,609,597
779,933,645,526,410,621,494,460,609,597
779,932,645,526,410,620,498,460,608,597
780,932,645,525,412,619,499,459,608,597
780,932,645,524,417,618,501,457,608,597
782,933,646,523,418,617,501,455,608,597
785,935,645,520,420,617,502,453,608,594
786,936,645,519,423,617,506,451,609,594
790,936,645,518,425,619,507,451,610,594
792,937,646,518,429,620,509,451,613,593
791,937,648,518,430,622,509,451,615,593
790,937,649,519,435,623,509,452,616,593
789,938,646,519,437,623,509,455,618,593
788,939,645,521,438,622,509,456,620,590
787,942,644,523,438,622,509,457,620,589
787,942,644,525,437,623,509,457,620,588
785,942,644,525,435,624,510,455,622,588
782,942,644,525,433,626,510,452,622,588
780,941,643,524,429,626,510,450,622,588
779,940,641,524,428,627,512,450,623,588
777,939,641,521,427,628,513,452,624,589
777,937,641,520,430,628,515,453,627,590
780,938,641,522,430,630,515,456,628,590
780,939,643,523,429,631,515,458,629,588
785,940,644,524,427,632,515,460,629,587
786,940,645,524,425,632,515,462,629,583
788,941,645,521,424,635,516,463,631,582
789,941,645,519,425,636,516,465,631,580
787,942,645,518,426,636,517,465,631,580
783,942,645,516,425,638,518,465,631,580
781,942,645,516,426,640,517,465,631,582
778,942,645,516,427,642,515,463,631,582
776,942,644,514,429,643,514,461,631,582
774,939,642,513,435,643,511,459,630,582
773,938,641,510,435,643,510,456,629,579
773,934,640,508,432,643,506,455,628,579
773,935,638,506,430,644,506,452,625,579
773,938,638,505,427,644,504,451,625,578
774,940,638,503,427,645,501,451,626,579
778,942,637,503,427,645,500,451,627,581
780,944,636,503,427,645,498,451,629,581
775,944,633,503,429,645,497,450,630,581
774,944,631,503,434,644,497,450,630,578
771,944,629,503,435,644,497,450,631,577
771,943,626,503,435,644,497,449,631,575
771,941,625,504,435,644,497,448,632,573
771,939,620,503,435,644,497,448,632,572
771,939,618,501,435,644,497,447,632,570
771,939,615,498,432,645,497,445,634,570
771,939,612,497,427,645,496,445,635,570
772,938,614,496,423,643,495,446,635,570
773,938,618,495,422,642,494,446,635,569
773,935,621,494,419,641,493,446,635,567
773,934,625,495,418,639,493,446,635,566
773,934,627,495,414,638,493,445,635,566
774,934,628,495,412,637,493,443,636,566
774,934,630,495,410,635,492,442,637,566
775,934,633,495,410,635,491,441,638,566
776,934,637,497,410,635,490,441,638,564
777,934,638,497,410,635,489,441,639,562
780,933,640,498,410,635,488,439,639,561
781,930,639,498,410,635,485,438,638,559
779,929,639,496,411,635,484,437,638,559
777,926,639,495,416,635,483,436,638,559
774,922,638,495,419,635,481,436,638,559
774,919,635,495,420,635,480,436,638,561
774,915,633,495,422,635,478,436,637,562
774,914,631,495,422,634,477,436,635,564
774,914,627,495,423,634,474,434,633,565
773,911,626,496,423,634,473,432,635,564
772,910,624,497,423,634,473,431,635,561
770,909,623,497,422,634,472,429,637,560
767,909,623,495,421,636,472,428,637,557
766,908,624,493,420,637,469,428,636,556
762,907,624,491,420,639,467,429,634,554
762,906,624,492,420,640,465,431,633,553
757,903,624,493,422,641,462,432,632,553
756,902,624,494,422,642,462,435,632,553
754,900,622,493,422,642,463,437,632,553
752,900,620,489,421,641,464,440,632,554
752,900,615,488,417,640,465,441,630,556
752,900,613,484,416,640,466,442,628,557
752,899,609,483,411,641,467,440,626,559
752,897,606,481,410,642,469,440,625,561
752,896,602,478,410,643,468,438,625,563
752,893,603,478,410,644,466,439,625,564
751,891,603,478,412,645,466,440,624,565
751,890,603,478,416,645,465,440,623,565
751,889,603,478,417,644,465,440,622,565
751,889,604,478,420,643,465,440,618,565
751,891,606,477,422,642,465,439,617,565
751,892,609,475,425,641,465,436,614,565
751,893,612,473,429,640,465,435,613,565
751,893,611,470,431,640,465,434,613,565
751,893,610,468,435,639,465,434,613,565
751,893,610,468,436,639,465,434,613,565
751,893,607,468,439,639,465,431,613,565
753,893,606,468,442,639,465,430,612,564
755,893,605,468,442,640,465,428,611,564
756,893,602,469,441,640,465,429,611,563
759,893,599,469,440,639,465,429,611,563
761,893,596,469,435,639,465,432,609,563
763,895,594,470,433,638,467,433,609,563
765,895,594,472,430,636,468,434,609,562
765,894,594,473,428,635,470,435,609,562
768,892,594,475,428,632,471,437,611,563
769,892,594,477,428,631,472,437,614,563
772,892,592,480,427,630,473,437,615,563
771,892,588,481,422,628,473,435,615,562
769,892,587,483,419,627,475,435,613,561
769,892,588,483,416,625,477,434,610,558
770,892,590,483,418,624,478,433,609,558
773,892,590,483,418,623,480,433,607,556
774,893,590,483,420,623,481,432,606,556
774,893,589,483,423,623,482,430,605,556
774,893,586,483,424,623,481,428,602,557
774,893,587,483,429,623,481,427,601,557
774,894,589,485,431,624,481,425,600,557
774,896,593,486,430,624,481,424,597,555
775,899,594,488,430,624,480,422,595,553
775,900,594,491,429,626,480,420,593,550
778,903,594,493,430,627,480,419,593,549
780,904,594,496,432,629,480,416,593,548
783,905,594,494,434,630,478,416,593,547
784,908,594,492,436,634,477,414,593,546
785,909,593,491,441,635,474,410,590,546
786,911,593,488,442,637,473,410,589,546
787,910,593,488,445,638,471,410,587,546
787,909,593,488,446,638,467,410,586,546
786,908,593,490,447,638,467,410,584,549
784,908,594,490,449,638,469,410,583,550
783,910,594,492,449,638,470,410,582,554
786,911,597,493,448,636,470,410,580,555
790,915,599,496,448,634,470,410,579,557
791,916,602,499,447,631,470,410,579,559
795,916,605,503,449,630,472,410,578,560
797,916,608,506,452,627,473,410,578,557
798,916,616,508,456,625,477,409,579,555
800,916,619,511,457,624,478,409,580,554
801,918,624,514,457,620,480,409,579,555
803,921,626,516,457,618,482,409,578,555
804,923,628,516,457,615,483,410,577,557
806,922,634,516,456,614,484,410,576,559
805,922,637,516,451,612,485,410,576,562
806,922,641,516,442,611,485,410,578,563
806,923,642,519,436,611,485,409,579,563
807,924,646,521,434,611,485,409,578,563
807,925,647,524,435,611,483,409,577,564
807,927,648,526,436,610,482,409,576,564
807,928,651,529,438,608,479,409,575,563
807,931,652,530,437,607,477,409,574,562
807,932,654,532,430,606,473,409,573,560
807,934,655,535,428,606,472,409,573,558
808,936,654,537,422,606,469,409,573,555
809,937,653,540,421,606,466,409,571,554
810,940,653,542,419,603,465,409,570,551
814,942,652,546,416,601,463,409,569,550
815,945,651,547,416,600,461,409,567,548
816,947,651,550,417,596,459,409,566,548
819,948,653,552,417,595,455,409,566,548
818,948,653,552,417,594,453,409,566,547
818,948,657,553,417,593,451,409,563,547
817,948,658,555,416,594,450,409,562,547
816,948,662,556,412,597,449,409,559,547
816,946,664,556,411,601,448,409,559,550
816,945,667,557,410,601,446,409,559,550
817,945,668,558,410,601,445,409,559,552
819,944,669,559,410,599,445,409,559,552
821,944,672,560,410,597,445,409,560,553
823,944,673,560,410,596,445,409,561,554
821,945,677,560,412,592,445,409,563,557
820,945,678,560,415,592,444,409,564,558
819,945,680,560,421,591,443,409,565,558
815,945,679,557,424,592,442,409,565,558
814,945,679,557,427,593,442,409,565,558
811,945,679,555,434,596,443,409,565,559
810,945,679,555,437,598,444,409,565,559
809,945,681,555,439,601,445,409,565,561
809,945,681,555,437,603,445,409,565,562
809,945,681,555,436,606,445,409,565,562
808,945,681,553,430,608,445,409,567,561
806,945,681,552,429,609,449,409,568,562
802,945,682,550,427,613,454,409,569,562
802,946,683,550,426,614,457,410,570,562
800,947,683,550,426,618,459,410,575,562
797,947,682,550,428,619,464,410,576,562
795,947,681,550,429,620,466,411,578,562
792,946,678,548,432,622,472,416,586,564
791,942,677,547,430,622,476,418,595,566
787,941,675,547,424,623,488,425,604,567
785,939,674,548,421,623,495,428,625,569
784,936,674,550,416,626,498,432,635,570
780,935,676,555,416,626,505,439,656,572
780,933,677,558,416,626,507,441,667,574
780,933,678,564,416,626,514,445,677,574
780,933,678,565,416,628,518,445,687,574
781,933,679,566,416,635,522,449,688,574
785,933,681,566,417,638,531,451,691,575
787,936,682,566,419,645,534,454,691,575
792,937,685,566,425,648,540,458,692,575
794,940,686,568,428,651,542,461,693,579
795,941,689,571,431,657,545,466,693,581
795,942,689,573,432,660,544,468,697,584
795,942,689,579,435,667,543,471,699,586
795,942,689,583,438,670,539,473,701,588
796,946,689,586,439,672,540,473,702,590
797,948,689,598,442,675,548,473,703,592
797,952,689,607,444,678,551,474,709,596
797,954,690,625,448,683,558,476,712,598
797,956,694,635,451,686,561,477,716,603
797,956,697,644,457,691,565,478,716,606
797,957,706,647,460,694,571,481,716,609
798,964,711,649,461,697,573,483,716,609
800,968,722,654,462,701,574,485,716,609
802,971,724,656,462,704,574,487,718,609
806,976,735,659,462,708,574,491,719,612
808,979,743,663,465,710,573,493,720,618
810,984,747,667,465,713,573,496,720,621
814,987,757,675,465,717,574,496,720,624
815,992,761,678,465,720,576,496,720,631
820,994,770,685,465,723,581,496,721,634
823,998,774,689,465,725,583,496,726,640
826,1002,778,697,465,727,586,496,729,642
826,1005,784,701,466,728,588,499,733,648
826,1011,786,705,468,729,588,500,734,650
826,1012,792,706,472,729,588,504,734,653
826,1013,794,706,474,729,588,506,734,656
827,1015,799,706,480,729,590,510,732,658
828,1016,802,706,484,730,593,512,728,662
832,1020,805,706,489,730,595,512,725,663
833,1025,811,706,492,732,596,512,722,666
835,1043,814,708,492,732,597,512,717,666
840,1052,819,710,493,730,598,512,715,667
843,1054,820,711,494,729,599,512,712,670
849,1058,820,714,492,729,601,512,711,672
852,1059,820,714,491,729,603,511,710,675
851,1066,822,714,486,729,604,509,710,678
849,1069,826,714,482,729,605,506,710,681
845,1071,828,714,479,729,605,503,708,685
844,1073,832,715,475,729,603,498,704,685
847,1075,835,715,472,730,604,497,698,681
853,1081,837,715,470,732,604,496,695,681
855,1084,843,716,470,732,604,496,691,681
858,1090,844,716,470,732,604,496,685,683
860,1093,848,716,471,732,601,494,682,683
861,1096,849,716,472,732,600,492,676,683
864,1101,852,719,472,731,598,491,673,684
867,1103,854,720,471,731,596,488,669,687
870,1106,856,721,473,731,595,486,667,689
872,1107,858,720,474,731,595,484,665,691
873,1109,860,723,476,731,596,484,662,695
876,1113,862,726,482,730,596,480,661,697
877,1115,864,729,484,729,596,479,657,700
879,1119,865,732,490,726,596,479,655,701
878,1121,866,734,492,725,596,478,653,702
878,1125,867,739,496,725,595,478,650,703
878,1126,869,743,497,727,592,477,648,707
879,1128,870,752,497,728,590,475,646,710
880,1131,872,758,492,730,586,473,645,712
882,1132,873,764,489,730,584,472,642,714
885,1134,874,771,484,730,582,470,641,713
886,1136,876,775,484,730,578,467,639,710
890,1138,877,782,485,730,575,465,636,707
891,1139,879,785,485,729,571,463,634,704
892,1140,881,787,485,728,569,463,631,701
895,1142,882,792,486,725,568,462,630,698
896,1144,884,795,486,723,568,462,628,695
896,1148,886,795,486,722,568,461,625,695
896,1150,887,795,485,718,568,457,625,695
894,1151,888,796,486,717,568,456,625,695
894,1154,890,797,487,715,565,454,624,695
895,1155,891,800,487,715,564,453,623,698
898,1158,893,807,488,715,562,452,620,700
900,1160,895,809,487,715,562,451,619,702
903,1163,897,811,486,713,562,451,615,701
903,1164,900,812,486,712,562,448,613,699
907,1166,901,815,486,712,560,447,609,696
908,1169,905,819,487,712,557,446,607,695
910,1170,908,822,487,710,554,447,606,692
911,1174,912,830,486,709,552,447,602,692
912,1176,920,834,486,705,547,447,601,694
914,1178,922,843,487,704,544,446,598,694
916,1181,923,847,487,701,540,442,597,693
918,1181,922,853,487,699,540,441,595,693
919,1180,922,857,487,695,543,440,593,693
920,1182,926,860,487,695,544,436,591,694
923,1186,928,866,488,693,544,435,589,694
924,1188,934,869,488,692,543,432,589,693
927,1190,936,874,489,691,542,431,589,693
927,1194,941,877,488,688,538,431,589,691
927,1196,943,882,485,686,535,433,589,691
927,1202,944,884,480,685,531,434,588,690
929,1204,949,887,477,683,528,435,588,688
930,1206,951,892,475,681,526,435,588,688
930,1211,955,893,472,679,523,435,589,688
931,1213,957,897,470,678,523,434,589,688
932,1217,959,898,466,678,523,432,589,689
932,1218,962,901,466,678,521,430,589,689
933,1218,964,903,465,678,519,429,589,689
933,1218,966,905,465,678,517,428,590,693
936,1218,966,909,463,677,517,428,591,695
938,1218,966,911,462,676,518,428,591,698
940,1218,967,915,462,675,518,430,591,699
942,1220,969,916,461,674,518,431,591,697
943,1222,972,918,461,672,517,434,592,698
946,1224,973,918,459,672,516,435,593,698
947,1228,977,918,459,670,514,436,594,696
951,1229,978,918,459,669,512,437,594,694
952,1231,981,919,459,668,509,438,591,691
955,1231,981,921,459,668,507,438,591,691
957,1232,980,922,460,667,505,438,591,691
958,1233,980,922,460,665,502,435,591,691
959,1233,980,923,460,663,501,434,589,691
959,1234,981,922,460,662,498,434,589,691
959,1234,981,919,460,661,497,434,589,691
959,1234,981,918,458,661,494,435,587,691
959,1234,981,918,458,660,494,436,585,690
960,1235,982,919,456,660,493,434,583,689
960,1239,984,919,456,660,491,432,582,688
962,1241,986,921,456,660,490,430,581,687
962,1244,986,922,456,659,490,429,578,686
962,1244,984,923,458,658,490,425,577,686
962,1244,984,923,456,658,491,423,577,686
962,1244,980,922,455,657,492,420,577,687
964,1243,979,920,452,656,492,418,577,686
964,1239,978,920,451,655,493,416,577,683
966,1238,978,917,451,654,493,414,577,682
966,1237,976,916,451,652,493,414,578,682
967,1237,975,915,451,649,493,414,579,681
968,1237,975,915,452,649,495,414,580,680
968,1237,975,914,453,646,496,416,582,680
968,1237,974,914,452,645,497,417,584,680
968,1236,971,914,452,643,497,418,586,682
968,1235,970,912,452,642,498,418,586,683
968,1235,970,912,452,642,498,419,588,683
970,1234,973,910,451,642,498,423,589,683
971,1233,974,911,449,642,498,424,590,683
971,1231,974,913,449,642,498,426,590,682
971,1231,974,914,447,642,498,427,590,681
971,1231,974,915,447,642,498,427,591,678
972,1231,975,916,447,642,496,427,593,677
974,1233,976,916,447,642,494,427,597,675
976,1235,977,916,450,642,493,427,598,673
976,1236,977,916,452,642,493,427,599,671
976,1238,977,916,454,640,492,427,599,669
976,1238,975,916,456,640,491,428,599,669
976,1238,974,916,456,638,493,429,600,669
976,1238,970,916,454,638,493,429,601,669
975,1238,970,916,453,638,493,429,602,667
975,1235,969,916,451,638,493,429,603,666
975,1235,968,916,449,638,493,429,603,665
975,1234,966,915,448,640,494,429,603,665
976,1234,967,913,447,640,493,430,603,666
975,1234,967,912,449,641,492,430,604,666
975,1234,968,911,449,643,491,430,605,667
975,1234,967,909,452,642,490,430,605,667
975,1235,967,907,452,640,490,430,607,666
975,1234,967,906,451,640,490,430,607,666
975,1233,967,905,450,639,490,430,609,668
976,1230,967,903,450,639,490,430,609,670
977,1228,966,901,450,639,490,429,609,672
977,1225,965,898,450,640,490,427,609,673
978,1224,964,898,451,641,490,426,609,670
977,1222,961,896,452,643,490,425,610,670
977,1221,959,895,455,643,490,422,610,668
976,1218,958,894,456,643,490,420,610,666
974,1216,954,891,456,643,490,422,610,665
974,1215,953,889,455,643,489,424,609,665
974,1213,951,887,453,643,488,427,609,665
974,1211,951,886,450,643,488,428,609,665
973,1209,950,883,449,643,488,428,609,665
973,1207,950,883,447,643,488,428,608,665
972,1203,950,883,446,643,488,428,607,665
972,1202,945,886,445,645,488,428,605,665
971,1200,943,886,448,647,488,428,604,665
969,1195,938,885,449,651,488,428,604,665
969,1193,937,884,456,653,488,428,604,666
968,1189,935,883,457,655,489,428,605,669
967,1188,935,881,461,657,490,429,606,671
966,1187,935,880,463,659,490,429,608,672
965,1185,934,876,466,661,490,432,611,674
964,1184,933,875,478,662,491,434,613,676
963,1182,930,871,483,665,492,436,616,678
964,1181,930,869,490,667,493,441,617,680
965,1178,928,865,491,668,493,441,618,683
965,1176,926,862,492,671,493,443,620,684
965,1174,924,858,495,674,495,444,621,687
966,1174,920,848,496,685,495,446,623,687
966,1174,917,846,496,691,496,451,624,687
964,1174,913,842,496,698,497,453,630,687
964,1174,912,839,497,705,497,458,632,684
964,1175,909,833,498,708,497,460,636,681
964,1175,904,830,499,712,498,467,639,680
964,1175,902,829,501,715,500,469,642,677
961,1172,898,825,502,721,501,471,645,676
959,1171,896,823,504,725,502,476,646,676
957,1168,895,822,505,728,505,479,647,676
955,1166,893,821,505,734,506,483,648,676
954,1165,893,821,505,736,510,486,648,678
952,1165,893,821,506,741,514,490,648,678
951,1165,894,821,507,744,519,491,648,679
949,1169,893,821,510,748,524,492,651,679
948,1171,893,821,517,755,525,492,653,679
947,1172,893,828,520,759,527,492,655,679
947,1174,894,836,524,764,527,496,659,680
947,1174,894,850,523,768,534,496,661,684
947,1174,895,855,522,774,537,497,664,685
947,1174,895,861,520,776,540,499,664,688
948,1174,896,870,520,778,547,500,665,689
948,1174,896,877,520,778,549,500,668,689
949,1174,896,900,520,778,551,500,668,690
949,1174,896,916,519,781,552,502,672,692
949,1173,898,932,523,782,556,503,674,695
949,1173,899,959,526,785,559,505,674,696
949,1173,899,972,532,787,562,508,674,700
950,1173,899,986,534,788,568,508,674,700
952,1176,901,998,542,791,569,508,674,701
955,1177,901,1028,546,792,573,508,674,703
959,1181,920,1037,548,793,574,508,674,705
960,1181,935,1044,549,793,574,508,674,706
965,1181,950,1073,548,793,574,508,674,708
967,1181,961,1083,545,793,574,508,674,710
970,1182,968,1102,546,793,574,508,674,711
969,1194,982,1106,549,793,574,508,674,712
968,1196,989,1111,552,793,574,508,673,713
968,1212,1012,1115,554,793,574,508,673,713
968,1220,1030,1117,562,795,574,509,671,715
968,1224,1064,1125,564,796,574,509,669,717
969,1232,1080,1129,570,797,574,510,664,720
973,1236,1093,1135,573,797,575,511,664,721
974,1243,1118,1142,577,797,577,511,661,723
975,1247,1122,1152,579,797,579,511,660,724
977,1255,1133,1158,580,797,581,511,658,727
979,1260,1137,1164,580,797,581,510,659,730
985,1265,1141,1174,580,797,581,510,659,731
988,1274,1148,1182,580,797,581,510,660,733
994,1278,1148,1188,581,797,579,509,659,736
996,1288,1148,1192,584,797,578,508,657,738
999,1293,1148,1200,589,797,576,505,656,742
1005,1303,1147,1204,591,796,574,503,653,742
1008,1308,1147,1206,594,793,574,497,645,747
1016,1312,1147,1214,595,792,573,492,642,748
1021,1323,1148,1217,595,790,573,486,634,751
1026,1328,1150,1224,595,789,573,485,631,756
1028,1337,1154,1228,595,787,573,484,626,759
1029,1341,1155,1235,597,786,573,482,619,762
1037,1344,1159,1239,598,785,566,482,614,761
1041,1348,1165,1242,595,783,564,474,606,764
1050,1349,1168,1251,595,782,561,470,605,767
1053,1351,1176,1255,595,780,559,465,605,770
1058,1351,1179,1262,595,778,555,460,605,774
1064,1351,1186,1266,596,777,553,458,605,776
1068,1351,1189,1275,593,770,551,454,602,779
1074,1351,1192,1283,591,769,547,452,601,782
1077,1356,1198,1287,583,764,545,452,596,786
1083,1359,1202,1296,580,761,543,452,592,789
1085,1366,1207,1300,575,757,542,452,589,792
1088,1369,1210,1306,575,754,540,452,582,794
1094,1370,1215,1310,576,753,539,452,579,795
1097,1371,1218,1317,579,751,537,452,573,796
1102,1371,1220,1321,581,751,535,451,572,798
1105,1379,1225,1324,584,746,535,449,572,801
1110,1382,1227,1335,584,743,535,445,572,802
1111,1388,1232,1342,585,740,535,442,572,802
1111,1391,1235,1350,587,736,534,438,572,806
1111,1395,1238,1353,586,734,534,436,572,808
1111,1402,1243,1358,584,730,533,433,569,812
1110,1406,1246,1361,584,728,531,433,567,812
1111,1412,1248,1364,583,725,531,433,565,812
1114,1416,1249,1364,582,723,531,433,564,812
1114,1419,1253,1364,581,721,531,433,564,813
1115,1422,1255,1364,582,719,531,433,564,815
1115,1422,1257,1365,584,717,531,433,564,816
1116,1422,1261,1366,586,715,531,433,563,818
1117,1422,1263,1368,587,714,531,433,560,819
1117,1423,1268,1370,586,712,530,431,558,821
1121,1424,1269,1375,586,711,528,429,554,823
1124,1425,1274,1376,586,711,527,429,553,823
1126,1428,1276,1378,586,712,525,426,550,823
1130,1429,1278,1378,586,712,523,424,548,823
1133,1431,1282,1379,586,711,523,422,548,821
1139,1433,1284,1381,587,711,523,419,548,819
1141,1435,1288,1383,586,711,522,417,548,818
1144,1438,1289,1387,585,711,519,413,549,815
1144,1439,1292,1389,585,711,518,411,550,814
1144,1438,1297,1391,583,711,517,411,554,814
1142,1436,1300,1392,582,711,519,411,555,814
1141,1433,1305,1392,580,711,520,411,557,815
1141,1433,1306,1392,580,711,522,410,559,816
1142,1433,1310,1392,580,712,521,410,560,818
1142,1433,1311,1392,583,715,519,410,560,820
1144,1433,1312,1392,584,715,516,410,560,821
1148,1433,1311,1394,584,713,515,410,560,821
1152,1433,1311,1394,584,711,513,410,560,821
1155,1433,1309,1394,583,708,512,410,561,823
1161,1433,1309,1392,583,705,511,410,562,824
1163,1433,1309,1391,582,705,508,410,563,824
1165,1432,1309,1389,579,705,506,410,567,824
1170,1432,1307,1388,577,706,503,410,569,824
1172,1433,1306,1387,578,708,502,410,571,828
1177,1432,1305,1387,578,709,502,410,574,829
1180,1431,1306,1387,580,710,502,410,574,831
1184,1431,1307,1386,579,708,502,410,573,829
1185,1433,1308,1386,580,706,503,410,572,828
1186,1437,1309,1388,581,703,503,409,570,824
1189,1439,1312,1389,583,702,502,409,568,824
1192,1439,1315,1391,586,701,502,409,568,822
1194,1438,1317,1390,584,700,500,410,568,821
1194,1437,1320,1391,581,699,499,410,568,820
1195,1433,1321,1391,576,697,497,410,570,822
1195,1432,1322,1391,574,697,495,410,571,823
1195,1432,1324,1393,571,697,495,410,572,824
1194,1432,1325,1395,569,697,495,410,575,827
1194,1432,1325,1399,570,698,497,410,577,827
1194,1432,1325,1402,570,699,500,410,580,827
1195,1433,1325,1405,570,700,502,410,581,828
1199,1434,1327,1409,570,701,503,410,583,831
1200,1436,1328,1411,571,701,506,410,586,832
1203,1439,1330,1413,570,701,507,410,587,836
1205,1440,1330,1413,569,701,510,410,587,836
1205,1442,1330,1411,568,702,511,410,587,837
1204,1446,1330,1408,570,704,513,410,587,837
1202,1448,1331,1406,572,706,514,410,586,837
1198,1450,1332,1403,575,707,515,410,584,839
1196,1450,1332,1401,577,707,516,410,581,839
1194,1450,1332,1400,579,707,516,410,581,839
1193,1447,1331,1400,580,704,516,410,585,839
1193,1446,1328,1399,581,704,516,410,586,844
1196,1445,1327,1400,582,701,515,410,587,846
1195,1445,1326,1400,583,700,514,410,590,849
1193,1446,1328,1400,585,700,514,410,591,853
1191,1444,1329,1400,584,701,512,410,591,854
1190,1442,1331,1400,583,703,511,410,591,858
1189,1439,1332,1400,582,704,510,410,591,858
1189,1439,1331,1400,585,704,510,410,591,858
1189,1438,1334,1400,587,705,510,410,591,857
1189,1438,1335,1400,589,707,510,410,592,856
1189,1438,1338,1400,592,707,510,410,593,855
1189,1437,1339,1400,594,706,509,410,596,856
1189,1437,1342,1401,594,706,509,410,598,858
1193,1435,1342,1402,594,706,509,410,598,859
1195,1436,1342,1403,592,706,509,410,597,860
1200,1439,1343,1404,591,706,509,410,597,861
1201,1440,1344,1404,591,706,508,410,598,861
1203,1442,1347,1404,593,706,508,410,599,861
1201,1445,1348,1403,594,705,509,410,600,861
1199,1446,1347,1404,599,703,510,410,604,862
1196,1448,1346,1404,602,701,510,410,605,864
1195,1450,1344,1405,604,701,511,410,607,865
1193,1452,1341,1406,608,702,511,410,609,869
1190,1453,1340,1407,609,702,510,412,609,869
1188,1454,1338,1407,611,702,509,412,609,867
1184,1455,1338,1407,611,701,508,414,609,867
1182,1455,1338,1404,609,701,508,415,606,867
1179,1456,1338,1402,609,701,508,416,605,867
1178,1458,1338,1401,607,701,509,416,603,867
1178,1459,1338,1402,602,701,510,415,602,867
1178,1462,1338,1403,599,701,510,413,602,867
1177,1464,1338,1406,599,701,510,413,605,868
1176,1462,1338,1408,598,699,510,413,607,868
1175,1461,1338,1413,601,699,510,413,611,869
1175,1458,1341,1413,604,699,511,413,612,870
1175,1457,1342,1415,606,699,511,413,616,872
1175,1456,1344,1417,612,700,511,413,617,875
1175,1454,1344,1419,612,701,510,413,618,876
1175,1453,1346,1420,612,702,510,412,620,878
1175,1452,1348,1421,613,701,511,412,622,878
1175,1452,1351,1425,613,700,512,412,623,879
1174,1452,1354,1426,613,699,513,412,622,876
1174,1454,1355,1428,613,699,515,414,620,875
1173,1455,1355,1429,613,699,515,415,619,872
1171,1457,1355,1429,613,699,515,418,617,871
1168,1459,1355,1432,613,699,515,418,618,873
1164,1456,1355,1434,614,699,515,418,618,874
1162,1455,1355,1435,617,699,515,418,619,875
1160,1454,1354,1435,621,699,516,418,618,877
1160,1453,1352,1435,623,699,516,418,619,878
1160,1453,1348,1433,625,699,516,418,619,880
1162,1454,1347,1433,627,699,517,416,620,880
1162,1455,1346,1433,629,699,518,415,621,880
1163,1455,1345,1433,629,698,519,415,622,880
1163,1454,1345,1434,628,696,520,415,623,880
1162,1453,1343,1436,626,695,521,415,625,878
1161,1451,1343,1437,624,692,522,418,626,877
1159,1453,1343,1434,623,691,522,418,628,874
1154,1455,1343,1433,624,689,522,419,629,873
1152,1456,1343,1430,625,688,522,422,628,873
1147,1457,1340,1429,626,688,521,422,627,873
1144,1455,1338,1429,625,690,520,422,625,873
1142,1454,1335,1431,619,691,519,422,624,873
1143,1453,1334,1432,616,690,519,422,624,872
1146,1452,1334,1432,615,689,519,422,624,870
1149,1451,1334,1432,615,687,519,422,624,870
1152,1449,1337,1432,615,686,520,422,624,870
1153,1450,1342,1433,615,685,519,420,624,870
1154,1449,1345,1436,613,683,517,419,623,870
1151,1449,1347,1438,609,682,516,418,621,870
1149,1450,1349,1439,609,682,515,417,620,870
1148,1450,1349,1436,609,682,515,419,618,870
1147,1450,1349,1434,609,682,517,419,616,870
1149,1450,1349,1431,607,682,518,420,615,870
1153,1451,1340,1431,605,682,519,420,612,870
1155,1457,1334,1430,605,682,520,422,610,870
1156,1458,1328,1428,603,682,521,423,608,873
1158,1459,1322,1428,601,682,523,423,607,874
1158,1458,1320,1425,598,682,523,424,607,877
1160,1457,1315,1424,595,682,524,424,606,878
1162,1456,1315,1423,594,682,526,423,604,879
1165,1457,1315,1424,596,682,526,423,602,881
1167,1460,1315,1425,599,682,526,423,601,882
1166,1461,1315,1429,600,682,525,423,601,885
1163,1463,1315,1430,599,684,525,424,598,886
1162,1464,1315,1435,597,686,526,424,595,888
1159,1464,1317,1436,593,687,527,424,595,890
1156,1464,1318,1438,592,689,529,425,595,891
1153,1464,1320,1440,591,691,531,425,595,892
1153,1464,1325,1441,591,694,533,425,595,892
1154,1464,1328,1444,592,694,534,425,595,891
1154,1464,1334,1445,595,695,535,424,595,890
1153,1463,1336,1448,597,694,536,424,597,889
1154,1462,1337,1450,601,692,536,425,601,890
1155,1460,1338,1452,603,691,540,426,602,890
1159,1460,1338,1456,607,691,541,428,603,891
1160,1460,1338,1458,608,691,544,430,606,892
1162,1460,1338,1461,615,691,546,435,607,896
1163,1460,1338,1464,613,691,548,437,611,897
1163,1460,1338,1467,614,691,548,441,611,899
1166,1460,1338,1467,617,691,548,444,611,898
1167,1460,1341,1467,617,694,548,446,611,898
1167,1460,1340,1466,619,695,551,449,610,898
1167,1461,1333,1466,620,698,557,451,609,898
1167,1464,1329,1466,621,702,560,459,609,898
1167,1464,1328,1467,622,705,563,460,609,898
1167,1463,1327,1472,622,710,564,466,609,898
1168,1464,1328,1474,624,710,564,470,609,898
1169,1464,1334,1477,627,717,565,472,609,898
1169,1468,1337,1480,630,722,566,478,609,899
1172,1470,1341,1481,630,728,569,481,612,900
1174,1474,1343,1484,631,740,570,482,614,904
1178,1475,1347,1486,633,745,571,482,618,906
1180,1476,1348,1494,633,752,574,482,619,908
1185,1476,1349,1498,634,755,575,487,620,911
1186,1476,1352,1500,634,758,578,490,623,913
1186,1478,1354,1507,634,764,580,497,624,917
1189,1480,1360,1511,634,767,582,500,628,919
1195,1484,1363,1519,635,771,586,506,629,922
1208,1486,1366,1524,640,773,587,510,629,924
1216,1487,1371,1531,643,777,590,514,627,926
1226,1491,1374,1535,648,779,591,520,625,929
1230,1493,1378,1538,650,782,594,524,621,929
1233,1497,1380,1545,654,787,595,530,619,929
1241,1500,1384,1549,656,789,596,532,615,929
1246,1505,1386,1555,660,794,597,535,613,927
1254,1507,1385,1556,667,796,597,540,612,927
1259,1511,1389,1560,669,797,597,542,611,927
1271,1511,1392,1562,675,800,597,547,610,928
1277,1511,1395,1563,678,801,599,549,609,929
1283,1513,1396,1568,682,803,600,554,609,931
1295,1516,1395,1571,692,804,602,555,608,932
1302,1521,1394,1576,699,806,606,556,606,935
1326,1530,1394,1578,707,807,608,556,606,939
1337,1533,1395,1579,712,808,612,556,608,940
1348,1538,1397,1579,716,811,615,557,609,943
1354,1540,1399,1579,717,812,618,559,614,944
1360,1545,1399,1581,717,812,619,560,616,945
1370,1548,1399,1584,717,812,621,560,618,944
1376,1550,1400,1588,717,812,623,560,622,943
1386,1555,1403,1590,721,812,625,560,625,943
1391,1558,1406,1595,723,812,627,560,629,943
1402,1564,1408,1597,727,812,629,560,630,947
1406,1567,1410,1599,730,812,630,560,630,949
1411,1568,1410,1603,731,814,634,560,630,951
1420,1570,1411,1605,734,814,635,560,630,952
1423,1570,1411,1607,737,815,638,559,633,951
1431,1570,1411,1607,741,813,639,555,634,951
1435,1570,1411,1607,743,813,639,554,639,951
1438,1570,1409,1607,744,810,639,552,639,951
1444,1570,1411,1607,744,808,639,552,641,951
1446,1570,1414,1610,744,806,639,552,643,951
1451,1575,1415,1611,744,804,639,552,644,951
1453,1578,1418,1613,744,804,639,552,646,951
1457,1583,1418,1615,746,804,639,551,648,953
1460,1586,1421,1615,749,804,639,551,650,954
1461,1590,1422,1619,753,804,639,551,652,956
1465,1591,1423,1620,754,804,639,549,652,957
1467,1591,1423,1623,757,804,639,547,650,960
1472,1592,1423,1623,760,804,639,543,649,961
1474,1592,1423,1624,762,804,639,541,648,961
1477,1592,1426,1627,763,804,638,537,648,961
1480,1592,1426,1628,761,804,638,534,647,961
1482,1591,1425,1637,760,804,638,532,646,962
1483,1591,1425,1641,759,804,638,528,646,962
1483,1591,1425,1653,757,804,638,527,646,962
1483,1593,1425,1655,757,804,638,523,646,963
1483,1593,1425,1662,757,804,638,522,646,963
1482,1596,1423,1665,757,803,637,521,645,964
1482,1597,1423,1667,756,802,635,520,645,964
1481,1598,1423,1671,756,800,633,521,645,966
1481,1603,1423,1673,758,799,631,518,645,967
1481,1604,1426,1673,760,798,628,517,648,968
1481,1607,1428,1673,761,796,627,514,649,970
1481,1607,1432,1670,761,794,626,511,649,971
1481,1607,1434,1670,759,793,625,510,647,973
1481,1607,1435,1670,758,793,623,508,644,974
1481,1609,1436,1670,756,793,620,506,638,977
1480,1610,1437,1670,756,793,618,503,636,978
1480,1610,1441,1666,756,794,616,500,635,980
1480,1607,1442,1663,753,794,615,492,634,981
1480,1606,1444,1657,752,794,615,488,633,980
1479,1606,1445,1656,747,794,615,486,631,979
1478,1606,1446,1657,745,794,615,482,629,977
1476,1606,1448,1659,744,794,613,481,625,977
1472,1606,1450,1662,741,793,612,478,623,977
1470,1606,1449,1665,741,792,611,476,621,978
1468,1604,1449,1665,745,790,611,474,617,979
1469,1601,1449,1665,746,789,612,471,616,979
1471,1600,1449,1665,748,789,612,469,618,978
1472,1596,1448,1665,746,788,613,466,619,977
1472,1593,1445,1670,745,788,613,464,621,978
1472,1589,1445,1671,743,786,613,461,626,979
1472,1586,1446,1676,743,786,613,461,629,980
1471,1585,1448,1680,739,786,614,461,632,981
1470,1586,1449,1683,738,786,615,461,633,982
1470,1587,1448,1683,737,784,616,461,632,982
1470,1587,1448,1682,734,782,616,461,632,982
1469,1584,1445,1689,732,780,616,461,632,982
1462,1581,1445,1692,728,778,617,461,632,982
1459,1578,1449,1695,726,776,615,459,632,982
1454,1576,1450,1696,722,773,613,458,632,982
1452,1572,1452,1697,719,772,612,456,632,983
1450,1570,1454,1699,719,771,608,456,632,980
1446,1570,1454,1702,721,771,608,456,629,979
1445,1570,1455,1708,721,771,603,456,627,979
1445,1570,1455,1710,724,771,602,456,624,981
1443,1570,1455,1714,724,771,599,456,623,982
1440,1568,1455,1714,728,771,599,456,623,983
1438,1568,1455,1714,730,772,597,459,622,984
1438,1568,1459,1714,730,774,595,459,622,987
1438,1567,1459,1715,731,776,596,459,623,987
1436,1566,1460,1718,731,777,596,459,625,989
1431,1565,1461,1718,729,777,596,458,625,988
1428,1562,1461,1720,726,776,595,457,625,987
1422,1564,1461,1720,724,774,593,458,624,987
1418,1564,1461,1720,720,771,592,459,620,987
1415,1564,1461,1718,718,771,590,460,617,989
1408,1564,1461,1718,719,773,591,461,612,991
1406,1567,1461,1717,719,774,594,462,609,991
1401,1568,1460,1717,725,777,594,463,607,991
1398,1571,1460,1718,728,777,592,463,603,991
1395,1570,1458,1720,730,777,591,463,601,989
1392,1568,1458,1720,733,775,589,463,595,988
1389,1567,1457,1723,733,776,586,463,593,987
1384,1565,1457,1724,733,779,585,463,591,986
1384,1562,1457,1724,733,780,583,464,591,987
1384,1561,1457,1724,732,781,582,463,591,985
1384,1559,1457,1722,731,780,582,461,593,985
1384,1559,1457,1721,729,780,582,461,593,984
1384,1559,1457,1720,724,780,582,460,593,985
1384,1559,1455,1721,723,781,582,457,593,986
1383,1560,1455,1721,721,781,582,455,593,987
1383,1562,1455,1720,721,781,582,453,592,987
1383,1565,1456,1717,723,780,582,452,592,987
1383,1565,1455,1712,720,777,582,454,593,987
1383,1567,1454,1709,719,777,582,454,593,989
1381,1567,1453,1707,719,776,581,454,593,989
1378,1567,1452,1704,719,775,581,454,590,989
1375,1567,1454,1704,714,775,582,454,589,990
1374,1567,1454,1708,711,775,582,455,584,990
1374,1567,1455,1710,707,774,582,456,581,990
1376,1567,1455,1714,700,776,582,456,577,990
1378,1567,1455,1715,698,777,582,457,577,989
1382,1568,1455,1716,696,777,582,457,577,988
1384,1571,1455,1717,696,777,582,457,577,987
1387,1572,1458,1718,696,777,583,457,577,986
1388,1571,1459,1718,696,775,584,460,577,983
1393,1570,1464,1718,696,774,585,461,579,981
1394,1568,1465,1722,696,773,585,461,579,979
1396,1569,1466,1724,696,772,585,461,579,979
1396,1570,1468,1726,697,772,585,461,579,980
1396,1572,1465,1729,696,772,585,461,583,981
1397,1572,1461,1729,689,772,586,461,585,983
1398,1575,1458,1726,687,772,586,459,590,984
1402,1576,1455,1725,684,772,586,457,591,985
1404,1578,1454,1726,680,771,586,456,593,986
1406,1582,1454,1726,677,771,586,454,596,987
1406,1584,1455,1726,672,771,585,454,596,987
1406,1588,1456,1727,670,773,585,454,594,987
1406,1589,1461,1727,669,774,584,454,591,986
1406,1590,1463,1727,668,775,583,454,589,984
1405,1590,1463,1727,668,776,582,455,588,984
1405,1590,1462,1725,672,776,581,455,587,984
1405,1590,1461,1724,675,774,579,455,586,984
1408,1590,1461,1722,680,774,578,455,584,986
1410,1588,1462,1717,683,773,577,454,584,987
1412,1590,1467,1716,683,773,574,454,585,987
1412,1592,1469,1714,683,773,573,453,587,987
1412,1595,1468,1714,683,773,572,453,591,988
1412,1598,1465,1716,679,773,572,453,593,988
1413,1598,1463,1720,679,774,574,454,597,989
1411,1598,1460,1722,679,774,574,454,600,994
1411,1598,1460,1724,680,774,575,455,604,995
1411,1596,1460,1724,680,774,576,455,606,998
1411,1595,1460,1724,680,772,576,454,607,999
1410,1593,1459,1724,679,771,576,454,608,999
1408,1593,1458,1724,674,771,575,454,609,999
1407,1590,1458,1727,672,769,574,454,609,998
1403,1590,1458,1730,670,769,574,454,609,992
1401,1589,1456,1732,669,768,574,454,609,991
1396,1587,1452,1731,669,768,573,457,609,987
1394,1587,1450,1730,671,767,573,458,609,986
1394,1587,1448,1730,673,766,573,459,609,984
1394,1588,1451,1732,671,766,574,459,612,982
1396,1588,1453,1735,668,767,574,461,616,981
1403,1590,1457,1738,666,767,575,461,619,981
1405,1591,1459,1741,666,768,575,461,621,981
1410,1595,1460,1742,666,768,575,460,622,979
1411,1595,1461,1743,666,768,575,459,623,977
1412,1596,1461,1743,665,768,574,456,624,974
1414,1596,1462,1741,662,767,574,456,625,972
1413,1596,1462,1739,661,767,574,456,626,971
1413,1600,1462,1738,659,767,574,456,626,970
1413,1601,1461,1735,656,767,574,457,626,969
1413,1606,1460,1733,654,767,576,458,625,968
1412,1607,1456,1731,651,767,577,458,625,968
1411,1609,1454,1728,651,767,578,458,625,968
1411,1612,1451,1727,657,767,580,460,626,968
1410,1613,1449,1721,657,767,581,461,626,967
1408,1617,1444,1717,663,767,582,463,625,966
1407,1618,1444,1682,666,767,582,464,623,965
1406,1619,1443,1655,666,767,582,465,622,966
1405,1618,1427,1549,666,766,581,465,622,966
1405,1615,1419,1498,666,764,580,465,620,968
1406,1608,1402,1460,665,764,578,464,617,971
1404,1604,1394,1381,665,763,578,463,614,971
1403,1598,1383,1334,665,761,575,461,610,971
1403,1593,1332,1227,669,761,573,460,610,970
1401,1582,1298,1204,672,758,571,457,610,967
1387,1576,1229,1164,675,758,570,456,610,966
1379,1562,1195,1144,675,755,569,455,610,964
1364,1516,1141,1124,674,755,568,454,610,961
1360,1492,1121,1093,674,755,566,453,610,960
1339,1456,1103,1082,674,755,564,450,610,961
1330,1448,1036,1049,675,755,562,449,610,961
1311,1422,1010,1028,673,753,559,448,609,961
1252,1343,985,1006,668,752,556,447,601,960
1226,1308,976,968,666,752,554,446,596,956
1175,1245,954,949,663,751,554,443,591,946
1149,1225,943,915,658,750,554,443,588,941
1081,1190,928,903,649,745,554,443,583,929
1058,1173,863,867,636,743,554,443,580,920
1035,1153,832,853,636,738,554,443,579,904
990,1123,785,840,636,737,553,443,577,896
977,1112,770,818,633,734,552,440,576,882
953,1090,756,807,624,729,546,434,577,853
942,1073,728,782,610,726,540,431,577,838
921,1060,722,770,605,719,527,426,577,809
911,1029,698,745,582,714,520,420,572,795
900,1013,686,732,573,702,515,413,570,780
890,984,670,721,552,694,510,410,565,753
885,972,662,697,540,687,509,410,563,739
876,945,649,686,528,680,505,409,557,712
873,933,626,664,504,676,502,409,553,707
858,924,615,651,491,668,495,409,551,696
850,908,600,639,466,664,492,409,545,690
843,904,596,633,454,661,489,409,541,685
827,896,588,628,449,654,482,408,531,676
820,892,584,613,434,651,479,408,529,671
805,880,579,604,428,642,473,408,526,666
798,872,571,586,420,638,472,407,521,665
786,865,567,576,416,628,470,407,518,660
782,854,550,565,410,624,465,407,512,657
779,849,543,562,410,620,461,407,510,653
771,833,537,560,410,612,458,407,506,643
768,825,527,555,410,608,457,407,502,638
762,816,526,553,410,601,453,406,499,626
760,801,520,549,409,598,453,406,494,624
755,793,516,547,409,593,452,406,493,616
751,780,510,539,409,592,449,406,491,614
747,772,507,534,409,589,448,406,490,611
733,764,503,530,409,584,445,405,490,604
723,759,497,524,408,582,445,405,489,597
705,755,493,519,408,578,443,405,486,584
696,747,485,506,408,575,441,405,481,574
689,744,482,500,407,573,440,405,480,559
674,737,475,483,407,569,436,405,475,552
668,733,471,476,407,568,433,405,473,548
654,729,468,469,407,564,425,405,471,544
647,721,460,461,407,562,421,405,467,543
636,717,456,458,407,559,417,405,465,538
632,707,449,450,407,557,415,405,465,533
629,702,445,446,406,556,413,405,465,523
624,693,441,438,406,554,410,405,465,518
621,688,433,430,406,553,410,405,463,513
616,684,430,426,406,550,410,405,462,502
613,675,423,416,406,548,410,404,458,497
607,672,421,412,406,547,410,404,457,491
602,666,416,410,405,544,410,404,453,487
596,663,414,410,405,542,410,404,452,483
583,661,411,410,405,541,410,404,450,474
577,657,410,410,405,539,410,404,447,470
569,654,410,410,405,537,409,404,446,462
566,647,410,409,405,535,409,404,444,458
559,644,410,409,405,535,409,404,442,449
553,639,410,409,404,532,409,404,441,445
549,636,410,409,404,531,409,404,439,441
542,634,410,409,404,531,409,404,438,434
537,629,410,409,404,531,409,404,435,431
531,626,410,409,404,531,409,404,435,428
526,622,410,409,404,531,409,404,433,426
519,619,410,409,404,530,409,404,433,422
515,618,410,409,404,530,409,404,433,420
511,613,410,409,404,530,409,404,432,419
504,612,410,408,404,529,409,404,432,415
501,608,410,408,403,527,409,404,433,412
497,606,410,408,403,527,409,404,433,410
495,603,409,408,403,524,409,404,433,410
494,601,409,408,403,523,409,404,430,410
491,601,409,408,403,521,409,404,429,410
490,601,409,408,402,521,409,404,425,410
486,601,409,408,402,518,409,404,424,409
485,599,409,408,402,518,409,404,422,409
480,599,409,408,402,516,409,404,418,409
477,599,409,408,402,515,409,403,417,409
474,599,409,408,402,514,409,403,413,409
469,597,409,408,402,513,409,403,411,409
467,595,409,407,402,513,409,403,410,409
465,594,409,407,402,512,409,403,410,409
464,592,409,407,402,511,409,403,410,409
464,591,409,407,402,510,408,403,410,409
464,590,409,407,402,509,408,403,410,409
464,588,409,407,402,508,408,403,410,409
464,588,409,407,402,506,408,403,410,409
464,586,409,407,402,506,408,403,410,409
464,585,409,407,402,504,408,403,410,409
464,584,409,407,402,504,408,403,410,409
462,583,409,407,402,504,408,403,410,409
461,582,408,407,402,504,408,403,410,409
460,581,408,407,402,504,408,403,410,409
458,580,408,407,402,503,408,403,410,409
456,581,408,407,402,501,408,403,410,409
454,582,408,407,402,502,407,403,410,409
452,583,408,407,402,500,407,403,410,409
450,583,408,407,402,499,407,403,410,409
450,583,408,407,402,497,407,403,410,409
450,581,408,407,403,496,407,403,410,409
447,579,408,407,403,496,407,403,410,409
447,577,408,407,403,496,407,403,409,409
446,576,408,407,403,496,407,403,409,409
447,575,408,407,403,495,407,403,409,409
449,576,408,407,403,496,407,403,409,409
451,576,408,407,403,497,407,403,409,409
452,575,408,407,403,497,407,403,409,408
452,573,408,407,403,497,407,403,409,408
451,572,408,407,403,497,407,403,409,408
448,568,408,407,403,497,407,403,409,408
448,568,408,407,403,496,407,403,409,408
447,567,408,407,403,495,407,403,409,408
447,567,408,407,403,494,407,403,409,408
447,567,408,407,403,493,407,402,409,408
447,568,408,406,403,492,407,402,409,408
449,568,408,406,403,491,407,402,409,408
451,570,408,406,403,491,407,402,409,408
453,570,408,406,403,490,407,403,409,408
455,569,408,406,403,490,407,403,409,408
457,568,408,406,403,490,406,403,409,408
459,567,408,406,403,489,406,402,409,408
459,566,408,406,403,487,406,402,409,408
458,566,408,406,403,486,406,402,409,408
455,566,408,406,403,484,406,402,409,408
455,566,408,406,403,483,406,402,409,408
453,566,408,406,403,481,406,402,409,408
453,566,408,406,403,480,406,403,409,408
453,566,408,406,403,480,406,403,409,408
455,567,408,406,403,480,406,403,409,408
456,567,408,406,403,480,406,403,409,408
457,567,408,406,403,480,406,403,409,408
456,567,408,406,403,480,406,403,409,408
455,568,408,406,403,478,406,403,409,408
452,568,408,406,403,477,406,403,409,408
451,569,408,406,403,474,406,403,409,408
453,569,408,406,403,473,406,403,409,408
454,569,408,406,403,472,406,403,409,408
454,568,408,406,403,470,406,403,409,408
454,569,407,406,403,470,406,403,409,408
453,570,407,406,403,469,406,403,409,408
452,572,407,406,403,469,406,403,409,408
452,574,407,406,404,469,406,403,409,408
454,573,407,406,404,469,406,403,409,408
455,572,407,406,404,469,406,403,409,408
457,571,407,406,404,469,406,403,409,408
458,568,407,406,404,468,406,403,409,407
458,567,407,406,404,467,406,403,409,408
458,565,407,406,404,465,406,403,409,408
458,565,407,406,404,465,406,403,409,408
458,566,407,406,404,462,406,403,409,407
458,567,407,406,404,462,406,403,409,407
457,568,407,406,404,462,406,403,409,407
454,571,407,406,404,464,406,403,409,407
452,572,407,406,404,467,406,403,409,407
450,574,408,406,403,468,406,403,409,407
448,575,408,406,403,469,406,403,409,407
445,577,408,406,403,472,406,403,409,407
443,578,408,406,403,474,407,403,409,407
441,578,407,406,403,474,407,403,409,407
438,579,408,406,403,473,407,403,409,407
436,579,408,406,403,470,407,403,409,407
435,579,408,406,403,468,407,403,409,407
437,579,407,406,403,468,407,403,409,407
437,579,408,406,404,468,407,403,409,407
437,577,408,406,404,468,407,403,409,407
437,576,408,406,403,469,407,403,409,407
435,575,407,406,403,469,407,403,409,407
435,576,407,406,403,469,407,403,409,407
431,577,407,406,403,468,407,403,409,407
431,577,407,406,403,468,407,403,409,407
430,579,407,406,403,468,407,403,409,407
427,581,407,406,403,468,407,403,409,407
425,581,407,406,403,466,407,403,409,407
421,582,407,406,403,465,407,403,409,407
418,581,407,406,403,464,406,403,409,407
415,581,407,406,403,462,406,403,409,407
414,578,407,406,403,462,406,403,409,407
414,579,407,406,404,462,407,403,409,407
418,581,407,406,404,462,407,403,409,407
418,582,407,406,403,462,407,403,409,407
418,584,407,406,403,462,407,403,409,407
417,583,407,406,403,462,407,403,409,407
416,581,407,406,404,462,407,403,409,407
415,580,407,406,404,462,407,403,409,407
413,579,407,406,404,464,407,403,409,407
410,580,407,406,404,465,407,403,409,407
410,581,407,406,403,466,407,403,409,407
410,581,407,406,403,466,407,403,409,407
410,583,407,406,403,466,407,403,409,407
410,584,407,406,403,466,407,403,409,407
410,584,407,406,403,467,407,403,409,407
410,584,407,406,403,471,407,403,409,407
410,584,407,406,403,473,407,403,409,407
410,584,407,406,403,476,407,403,409,407
410,584,407,406,403,479,407,403,409,407
410,581,407,406,403,480,407,403,409,407
410,581,407,406,403,484,407,403,409,407
410,578,407,406,403,484,407,403,409,407
410,578,407,406,403,484,407,403,409,407
410,578,407,406,403,484,407,403,409,407
410,579,407,406,403,484,407,403,409,407
409,580,407,406,403,486,407,403,409,407
409,580,407,406,403,487,407,403,409,407
409,580,407,406,403,492,407,403,409,407
409,579,407,406,403,494,407,403,409,407
409,581,407,406,403,496,407,403,409,407
409,583,407,406,403,498,407,403,409,407
409,584,407,406,403,500,407,403,409,407
409,586,407,406,403,502,407,403,409,407
409,584,407,406,403,502,407,403,409,407
409,584,407,406,403,503,407,403,409,407
409,584,407,406,403,505,407,403,409,407
409,584,407,406,403,506,407,403,409,407
409,584,407,406,403,509,407,403,409,407
409,584,407,406,403,510,407,403,409,407
409,584,407,406,403,510,407,403,409,407
409,584,407,406,403,510,407,403,409,407
409,584,407,406,403,510,407,404,409,407
409,584,407,406,403,511,406,404,409,407
410,584,407,406,403,511,406,404,409,407
410,584,407,405,403,511,406,404,409,407
410,584,407,405,403,511,406,404,409,407
410,583,407,405,403,510,407,404,409,407
410,583,407,405,403,508,407,404,409,407
410,583,407,405,403,506,407,404,409,407
410,583,407,405,403,505,407,404,409,407
410,581,407,405,403,503,406,403,409,407
410,581,407,406,403,501,406,403,409,407
410,580,407,406,403,501,406,403,409,407
410,579,407,406,403,502,406,403,409,407
410,580,407,406,403,502,406,403,409,407
410,582,407,406,403,502,406,403,409,407
410,583,407,406,403,502,406,403,409,407
410,585,407,405,403,502,406,403,409,407
410,585,407,405,403,501,406,403,409,407
410,585,407,405,403,501,406,403,409,407
410,585,407,405,403,502,406,403,409,407
410,584,407,405,403,505,406,403,409,407
410,583,407,405,403,506,406,403,409,407
410,582,407,405,403,508,406,403,409,407
410,581,407,405,403,508,406,403,409,407
410,580,407,405,403,508,406,403,409,407
410,580,407,405,403,508,406,403,409,407
410,580,407,405,403,508,406,403,409,407
410,580,407,405,403,508,406,403,409,407
410,581,407,405,403,508,406,403,409,407
410,582,407,405,403,510,406,403,409,407
410,583,407,405,403,510,406,403,409,407
410,583,407,406,403,510,406,403,409,407
410,583,407,406,403,510,406,403,409,407
410,583,407,406,403,510,406,403,409,407
410,584,407,406,403,510,406,403,409,407
410,585,407,406,403,510,406,403,409,407
410,585,407,406,403,510,406,403,409,407
410,586,407,406,403,510,406,403,409,407
410,588,407,406,403,510,406,403,409,407
410,588,407,406,403,510,406,404,409,407
410,588,407,406,403,510,406,404,409,407
410,588,407,406,403,510,406,404,409,407
410,588,407,406,403,510,406,404,409,407
410,589,407,406,403,510,406,404,409,407
410,590,407,406,403,510,407,404,409,407
410,594,407,406,404,510,407,404,409,407
410,597,407,406,404,511,407,404,409,407
410,600,407,406,404,512,407,404,409,407
410,601,407,406,404,513,407,404,409,407
410,602,408,407,404,512,407,404,409,407
414,603,408,407,404,512,407,404,409,407
416,603,408,407,404,512,407,404,409,407
421,606,408,407,404,512,407,404,410,407
426,608,408,407,404,512,407,404,410,407
430,613,408,407,404,513,407,404,410,407
439,617,409,407,404,516,407,404,410,407
442,621,409,407,404,527,407,404,410,407
452,631,409,407,404,530,407,404,410,407
459,636,409,407,404,533,407,404,410,407
467,649,409,407,404,536,408,404,410,407
484,656,410,408,404,541,408,405,410,407
489,662,410,408,404,544,408,405,412,407
498,678,410,408,405,547,408,405,414,407
503,685,417,408,405,554,408,405,419,407
513,702,425,409,405,556,408,405,421,407
519,709,438,409,405,562,408,405,424,407
524,721,459,409,405,565,408,405,426,407
535,728,464,409,405,568,409,405,428,408
540,735,473,409,405,574,409,405,432,408
550,742,477,409,405,576,409,405,435,408
554,746,481,409,405,582,409,405,437,408
563,755,483,410,405,584,409,406,438,408
567,758,486,410,405,590,409,406,438,408
572,762,491,410,405,592,409,406,438,409
579,766,494,414,405,594,409,406,436,409
583,768,500,420,405,596,409,406,436,409
588,776,501,432,405,598,410,406,437,409
592,780,503,435,405,599,410,406,440,409
598,788,510,438,405,601,410,406,441,409
599,791,517,444,406,603,410,406,444,410
602,796,525,448,406,607,410,406,452,410
607,802,529,454,406,610,410,406,458,410
610,805,537,456,406,615,410,406,465,411
614,812,541,462,406,616,410,406,469,413
616,815,544,464,406,618,410,406,471,418
617,817,562,466,406,621,411,407,477,420
620,821,570,470,406,623,412,407,481,426
622,824,590,472,406,629,413,407,487,429
626,828,594,476,406,632,414,407,490,435
628,830,604,478,407,635,415,407,496,436
633,835,608,482,407,635,416,407,500,441
636,837,613,483,407,635,416,407,502,449
640,839,617,483,407,635,416,407,509,453
643,844,618,484,407,635,416,407,512,457
644,846,621,485,407,635,416,407,518,459
647,850,623,490,407,635,416,407,521,464
648,852,625,491,407,635,416,407,524,466
652,855,633,494,407,635,416,407,529,469
653,857,636,496,407,635,416,407,532,475
655,858,639,497,407,635,416,407,537,477
658,861,641,500,407,635,417,407,539,481
660,862,641,502,407,635,419,407,542,483
662,865,644,504,407,635,418,407,544,486
662,866,645,506,407,635,418,407,546,486
662,868,649,507,408,636,416,408,548,487
662,871,651,507,408,637,416,408,549,489
662,872,651,507,408,638,417,408,549,491
666,874,651,507,408,637,418,408,550,496
668,876,651,508,408,636,420,408,550,497
670,878,651,509,408,636,422,408,550,497
671,879,651,509,408,636,422,408,550,497
672,880,651,510,408,637,422,408,551,497
672,880,651,510,408,638,422,408,552,497
672,880,652,510,408,638,421,408,553,497
669,882,652,510,408,640,421,408,554,497
668,882,652,511,408,640,421,408,554,498
666,883,652,512,408,638,420,408,555,500
667,883,652,512,408,637,420,408,555,501
668,883,651,512,408,634,420,408,554,502
672,883,649,511,408,632,418,408,555,505
673,883,647,511,408,629,418,408,555,505
673,883,645,511,408,627,418,408,556,507
673,883,641,510,408,627,419,408,557,508
673,883,633,508,408,624,422,408,559,509
673,883,629,506,408,623,423,408,560,509
673,882,625,506,408,621,426,408,561,509
672,884,625,504,408,621,426,408,563,507
671,885,625,504,408,621,427,408,564,506
670,885,626,506,408,620,427,408,565,507
671,885,625,507,408,620,428,408,565,507
674,884,621,508,408,620,432,408,567,507
675,885,617,508,408,620,434,408,567,508
677,885,612,508,408,622,437,408,567,509
679,886,609,508,408,622,437,408,567,511
681,886,606,508,408,623,437,408,568,512
683,886,599,506,408,623,437,409,569,514
684,885,596,506,408,623,437,409,570,514
684,884,590,503,408,623,439,409,571,514
684,882,586,503,409,623,440,409,571,516
684,882,583,503,409,623,443,409,571,517
684,881,578,502,409,623,448,409,571,519
683,881,576,501,409,623,450,409,571,519
683,879,570,499,409,623,452,409,571,518
683,880,568,498,409,623,453,410,572,517
683,880,562,496,409,624,455,410,572,516
682,880,560,495,409,624,457,410,573,517
680,880,558,494,409,625,460,410,573,516
678,880,552,492,409,626,465,410,573,516
677,879,550,491,409,626,468,410,572,516
675,878,546,488,409,626,472,410,571,515
677,875,543,487,409,626,474,410,570,516
678,873,539,486,409,626,474,410,569,517
680,871,537,483,409,625,473,410,568,520
680,869,535,482,409,624,471,410,568,522
680,869,531,480,409,624,466,410,568,524
681,870,528,480,409,624,466,410,568,525
683,871,524,478,409,621,470,410,568,524
683,870,522,476,409,620,473,410,568,521
683,870,522,474,409,617,475,410,567,520
682,870,522,471,409,617,479,410,567,518
680,869,522,470,409,617,481,410,566,516
678,867,522,468,409,618,484,410,566,514
677,864,522,468,409,618,484,410,566,512
674,862,520,465,409,620,487,410,566,511
674,859,520,465,409,622,489,410,566,511
674,858,518,460,409,623,490,410,566,511
674,857,515,453,409,623,494,414,566,510
674,856,513,452,409,623,495,416,566,511
674,855,509,448,409,623,498,418,566,513
673,854,507,447,409,623,498,419,566,515
671,853,505,444,409,625,499,419,567,517
670,851,501,442,409,626,499,419,568,517
670,848,500,440,409,626,500,419,568,517
670,847,496,439,409,627,502,421,569,516
671,845,494,439,409,628,504,423,570,516
672,844,493,436,409,628,506,424,570,516
673,842,494,435,410,628,506,425,570,516
670,841,495,432,410,629,506,424,570,518
669,841,496,431,410,630,506,423,573,521
668,841,494,431,410,630,505,422,574,523
666,841,492,431,410,631,502,422,575,524
664,838,490,431,410,632,501,423,575,524
663,838,488,430,410,633,499,424,575,524
664,836,486,429,410,634,500,426,576,524
664,833,485,428,410,634,502,427,576,523
666,833,482,428,410,633,503,428,577,526
667,832,482,427,410,633,504,428,579,526
667,832,482,428,410,633,506,428,579,527
666,830,482,427,410,633,507,429,581,528
664,830,482,427,410,634,508,429,582,528
664,830,483,427,410,634,510,429,584,529
665,830,483,429,410,635,510,429,584,530
667,831,485,429,410,636,509,429,584,530
669,834,485,429,410,636,509,429,582,530
669,835,482,429,410,636,509,429,583,532
669,835,481,427,410,636,509,429,583,533
669,835,479,424,410,636,509,429,583,533
669,835,476,422,410,635,509,429,583,536
670,835,474,420,410,634,508,428,584,535
672,834,472,418,410,634,506,427,583,538
673,831,472,417,410,634,506,425,580,539
673,830,471,417,412,635,508,425,581,539
672,829,471,419,415,636,510,423,582,537
670,827,471,423,415,636,510,423,585,537
669,827,471,423,412,637,509,423,586,534
668,826,471,423,410,637,508,422,589,533
667,826,471,423,410,637,506,421,590,533
667,828,471,423,410,636,505,419,591,533
666,830,471,423,410,636,502,419,591,531
666,831,474,422,410,636,500,419,592,528
666,831,475,420,410,636,499,419,592,527
668,831,478,419,410,637,498,419,592,527
668,831,479,417,410,637,497,418,592,526
668,832,481,416,410,635,497,417,592,530
668,834,482,415,410,634,497,416,592,530
668,839,482,415,410,635,498,416,592,532
668,840,486,414,410,637,498,416,592,533
668,841,487,412,410,638,499,416,592,534
669,841,491,412,410,640,498,416,592,534
669,841,493,411,410,640,497,418,592,536
669,843,495,413,410,641,494,418,592,536
669,843,499,414,410,641,495,418,593,535
670,843,501,417,410,642,496,418,594,535
671,843,505,419,410,642,498,418,594,535
672,842,506,421,410,643,498,418,595,535
674,843,509,422,410,643,499,418,595,536
674,843,510,422,410,643,499,418,595,537
674,844,511,422,410,643,498,417,595,538
674,846,512,422,410,643,498,416,595,539
674,847,513,424,410,643,496,415,595,540
676,848,513,425,410,644,493,414,596,540
677,849,513,427,410,644,491,414,598,540
680,849,513,429,410,644,488,414,599,541
680,849,514,430,410,644,487,414,599,543
684,849,515,434,410,644,486,414,597,544
686,848,518,435,410,645,485,415,597,546
686,845,522,439,410,646,484,415,594,547
686,845,527,442,410,648,481,415,592,546
686,844,530,445,410,649,480,413,591,546
687,844,533,451,410,650,481,413,588,544
690,844,539,455,410,651,481,413,587,543
695,845,541,463,410,651,481,413,583,542
697,846,547,465,410,651,481,413,582,542
701,847,550,470,410,651,480,414,579,542
701,848,555,471,410,651,477,413,579,542
702,848,558,474,410,651,476,413,579,542
701,847,561,479,410,651,476,413,579,541
701,846,566,480,410,649,476,413,579,540
701,848,569,480,410,648,476,415,579,539
702,849,574,481,410,646,477,416,579,537
702,850,578,482,410,645,477,415,581,537
702,853,581,485,410,645,478,415,584,538
702,854,586,487,410,645,478,415,585,539
703,855,588,493,410,645,477,415,585,539
702,855,594,496,410,644,476,415,584,539
700,855,598,508,409,644,476,416,584,539
698,856,604,518,410,644,473,416,584,537
700,857,607,535,410,645,472,417,584,537
704,859,609,544,410,646,469,417,585,538
706,861,615,548,410,648,468,417,585,539
710,863,620,555,410,648,468,417,586,539
711,863,628,559,410,647,465,417,586,541
713,864,632,568,410,647,464,419,585,541
714,869,640,571,410,646,461,420,583,543
715,873,643,580,410,646,461,423,581,543
719,883,647,588,410,646,461,423,577,545
721,889,653,596,411,646,461,423,575,547
725,900,657,612,412,646,462,421,572,548
726,903,669,619,411,649,465,421,572,548
729,910,676,634,411,649,466,421,571,548
730,922,681,642,410,650,466,420,568,548
